{
  "qlearning": {
    "centralized_qlearning": {
      "training_rewards": [
        2395.248882018007,
        2396.096382018007,
        2397.483882018006,
        2400.6188820180087,
        2404.068882018007,
        2403.5963820180045,
        2402.058882018008,
        2402.3588820180044,
        2401.226382018005,
        2402.4713820180023,
        2401.818882018007,
        2402.133882018007,
        2401.173882018006,
        2402.0213820180047,
        2402.6138820180036,
        2400.9188820180066,
        2400.431382018008,
        2401.9613820180057,
        2403.911382018005,
        2402.1638820180056,
        2401.3013820180054,
        2403.2813820180054,
        2403.1763820180076,
        2404.308882018007,
        2402.951382018006,
        2404.5413820180056,
        2403.273882018003,
        2405.5088820180063,
        2403.9263820180045,
        2401.4063820180063,
        2401.323882018007,
        2401.7813820180077,
        2403.2213820180054,
        2401.931382018006,
        2401.6838820180037,
        2402.3213820180067,
        2403.1163820180095,
        2401.953882018009,
        2406.5663820180075,
        2402.238882018002,
        2404.4963820180037,
        2404.6238820180065,
        2401.3163820180043,
        2401.6613820180055,
        2400.993882018004,
        2405.2988820180058,
        2402.981382018007,
        2403.9563820180047,
        2401.488882018005,
        2403.813882018007,
        2404.286382018004,
        2403.063882018008,
        2404.3463820180045,
        2403.971382018009,
        2402.3138820180075,
        2404.271382018006,
        2404.511382018007,
        2405.981382018008,
        2404.061382018008,
        2405.8913820180046,
        2404.811382018005,
        2404.7288820180065,
        2403.3863820180068,
        2403.093882018008,
        2402.6513820180035,
        2405.831382018006,
        2406.033882018005,
        2404.7288820180065,
        2402.8388820180085,
        2404.931382018006,
        2405.4338820180064,
        2406.843882018006,
        2404.106382018007,
        2402.4113820180064,
        2403.9788820180042,
        2403.446382018006,
        2402.3513820180065,
        2402.9813820180066,
        2405.126382018004,
        2404.623882018005
      ],
      "final_epsilon": 0.20089434614116913,
      "q_table_size": 55
    },
    "decentralized_qlearning": {
      "training_rewards": [
        2392.801382018011,
        2392.618882018006,
        2392.6038820180106,
        2392.728882018008,
        2392.683882018006,
        2392.7738820180048,
        2392.473882018006,
        2392.531382018006,
        2392.636382018003,
        2392.848882018007,
        2392.7263820180056,
        2392.7863820180064,
        2392.5113820180054,
        2392.3538820180056,
        2392.163882018003,
        2392.6688820180066,
        2392.2213820180077,
        2392.3038820180045,
        2392.0788820180046,
        2392.3788820180034,
        2392.153882018006,
        2392.571382018004,
        2392.026382018006,
        2392.4988820180015,
        2392.063882018006,
        2392.0363820180073,
        2392.2713820180047,
        2392.1638820180065,
        2392.4688820180054,
        2392.1263820180056,
        2392.523882018005,
        2392.0038820180075,
        2391.9913820180045,
        2392.316382018004,
        2392.071382018007,
        2392.0588820180055,
        2391.9013820180076,
        2392.2663820180064,
        2392.3488820180055,
        2391.8113820180056,
        2391.831382018008,
        2392.106382018004,
        2391.9163820180042,
        2392.0963820180027,
        2392.0113820180054,
        2392.0663820180057,
        2391.9688820180063,
        2392.0013820180043,
        2391.778882018007,
        2392.0988820180064,
        2391.818882018005,
        2391.431382018006,
        2391.868882018007,
        2391.391382018008,
        2391.5863820180057,
        2391.291382018009,
        2391.673882018005,
        2391.521382018007,
        2391.903882018007,
        2391.586382018005,
        2391.748882018006,
        2391.5713820180085,
        2391.9913820180013,
        2391.658882018005,
        2391.3613820180035,
        2391.5688820180058,
        2391.3463820180036,
        2391.476382018006,
        2391.393882018007,
        2391.3413820180053,
        2391.52638201801,
        2391.5488820180067,
        2391.353882018005,
        2391.808882018005,
        2391.418882018003,
        2391.6288820180084,
        2391.2963820180066,
        2391.708882018005,
        2391.296382018009,
        2391.1888820180056
      ],
      "agent_q_table_sizes": [
        16,
        6,
        12
      ]
    }
  },
  "sac": {
    "centralized_sac": {
      "training_rewards": [
        1204.1766583987016,
        1203.4428769798901,
        1203.2422862349517,
        1203.1921097216114,
        1203.494623855226,
        1203.2946482790296,
        1203.51595484661,
        1203.3915432590866,
        1203.2534976414718,
        1203.5769710408006,
        1203.2469574111292,
        1203.2336062267354,
        1203.4030387650046,
        1203.542285467057,
        1203.3755253518436,
        1203.058316283714,
        1203.2506349567532,
        1203.2063938089796,
        1203.426955776979,
        1203.351269609809,
        1203.480170760339,
        1203.568879494554,
        1203.4087277764727,
        1203.5670422296828,
        1203.2592793767606,
        1203.2857779343083,
        1203.1863610602477,
        1203.3803630843886,
        1203.3068191173086,
        1203.2826395698883,
        1203.1754230042118,
        1203.2280288102531,
        1203.4215547801564,
        1203.522815773543,
        1203.1309522399356,
        1203.4515251499026,
        1203.3569083296723,
        1203.4562917376443,
        1203.483437456297,
        1203.361199740435
      ],