{
  "target_column": "cooling_demand",
  "model_results": {
    "Random_Forest": {
      "Building_1": {
        "Building_2": {
          "mae": 0.73881323179365,
          "mse": 0.8374468315664466,
          "rmse": 0.9151212114066893,
          "r2": 0.5386498902360197,
          "mape": 970828424.4592788
        },
        "Building_3": {
          "mae": 0.5561750622019902,
          "mse": 0.4718691200717904,
          "rmse": 0.6869273033384176,
          "r2": 0.7571972852303934,
          "mape": 16849561.038328357
        }
      },
      "Building_2": {
        "Building_1": {
          "mae": 1.1638806878304115,
          "mse": 2.5740825836242722,
          "rmse": 1.6043947717517257,
          "r2": 0.2227024276006666,
          "mape": 49815088.669664614
        },
        "Building_3": {
          "mae": 0.42538705380819725,
          "mse": 0.3456580634395414,
          "rmse": 0.5879269201521065,
          "r2": 0.822139842140217,
          "mape": 6139730.988158188
        }
      },
      "Building_3": {
        "Building_1": {
          "mae": 0.9807841419957523,
          "mse": 1.8386219928175398,
          "rmse": 1.3559579613017285,
          "r2": 0.44478999210473436,
          "mape": 49573504.88345551
        },
        "Building_2": {
          "mae": 0.5327993978625811,
          "mse": 0.47472453932188413,
          "rmse": 0.6890025684436046,
          "r2": 0.7384738826772567,
          "mape": 547503414.4947174
        }
      }
    },
    "Linear_Regression": {
      "Building_1": {
        "Building_2": {
          "mae": 0.5288979963894989,
          "mse": 0.5605475788283991,
          "rmse": 0.7486972544549627,
          "r2": 0.6911939035739295,
          "mape": 373926659.1757908
        },
        "Building_3": {
          "mae": 0.3835712118452883,
          "mse": 0.2785387254905197,
          "rmse": 0.5277676813622825,
          "r2": 0.8566764472587756,
          "mape": 8848203.245948497
        }
      },
      "Building_2": {
        "Building_1": {
          "mae": 0.84971182854468,
          "mse": 1.2773387712778277,
          "rmse": 1.130194129907702,
          "r2": 0.6142810909167287,
          "mape": 49728288.22442929
        },
        "Building_3": {
          "mae": 0.35841210864516043,
          "mse": 0.26032767941573504,
          "rmse": 0.5102231662868073,
          "r2": 0.8660470359192063,
          "mape": 3600443.803831076
        }
      },
      "Building_3": {
        "Building_1": {
          "mae": 0.7353994682883299,
          "mse": 1.0260871997150196,
          "rmse": 1.0129596239312895,
          "r2": 0.6901517090078982,
          "mape": 31559396.631831758
        },
        "Building_2": {
          "mae": 0.463893494876562,
          "mse": 0.47742243932719647,
          "rmse": 0.6909576248419265,
          "r2": 0.7369876074694863,
          "mape": 280245815.66328394
        }
      }
    },
    "Polynomial_Regression": {
      "Building_1": {
        "Building_2": {
          "mae": 0.7245881167910272,
          "mse": 1.039132619001459,
          "rmse": 1.0193785454881121,
          "r2": 0.4275410333347027,
          "mape": 491905995.62194747
        },
        "Building_3": {
          "mae": 0.4921622366631501,
          "mse": 0.43014304227081607,
          "rmse": 0.6558529120700891,
          "r2": 0.7786676560086783,
          "mape": 5788978.636133325
        }
      },
      "Building_2": {
        "Building_1": {
          "mae": 2.082791588443611,
          "mse": 8.907830328139898,
          "rmse": 2.984598855481235,
          "r2": -1.689903942265658,
          "mape": 53346449.66989975
        },
        "Building_3": {
          "mae": 0.5049204323483437,
          "mse": 0.479669461429583,
          "rmse": 0.6925817362806956,
          "r2": 0.7531835789350683,
          "mape": 9234115.595194831
        }
      },
      "Building_3": {
        "Building_1": {
          "mae": 1.6841501703917763,
          "mse": 5.42904162649995,
          "rmse": 2.330030391754569,
          "r2": -0.6394116115698454,
          "mape": 47936699.47983549
        },
        "Building_2": {
          "mae": 0.7893060574741666,
          "mse": 1.2062022641105314,
          "rmse": 1.098272399776363,
          "r2": 0.3355022361192115,
          "mape": 547259626.6908302
        }
      }
    },
    "Gaussian_Process": {
      "Building_1": {
        "Building_2": {
          "mae": 0.9556018765306823,
          "mse": 1.460831194890378,
          "rmse": 1.2086484993125082,
          "r2": 0.19522696044035626,
          "mape": 1438528615.2350647
        },
        "Building_3": {
          "mae": 0.6527209342295126,
          "mse": 0.7160164771134208,
          "rmse": 0.8461775683114158,
          "r2": 0.631569990347199,
          "mape": 36789490.0662331
        }
      },
      "Building_2": {
        "Building_1": {
          "mae": 1.7876872626247424,
          "mse": 5.611823469461684,
          "rmse": 2.368928759895849,
          "r2": -0.6946063763830204,
          "mape": 71509289.21516284
        },
        "Building_3": {
          "mae": 0.6284822864104108,
          "mse": 0.6795318917510127,
          "rmse": 0.8243372439426795,
          "r2": 0.6503433238763954,
          "mape": 7494157.268275442
        }
      },
      "Building_3": {
        "Building_1": {
          "mae": 1.5613005873331436,
          "mse": 4.5036224704181,
          "rmse": 2.1221739962637605,
          "r2": -0.3599621222448133,
          "mape": 70461044.52007784
        },
        "Building_2": {
          "mae": 0.7483583884076794,
          "mse": 0.8665825683807838,
          "rmse": 0.9309041671304216,
          "r2": 0.5225989902019172,
          "mape": 855915491.8316188
        }
      }
    }
  },
  "summary_statistics": {
    "Random_Forest": {
      "mae": {
        "mean": 0.7329732625820972,
        "std": 0.2623807671853336,
        "min": 0.42538705380819725,
        "max": 1.1638806878304115,
        "count": 6
      },
      "mse": {
        "mean": 1.0904005218069124,
        "std": 0.8308041023894245,
        "min": 0.3456580634395414,
        "max": 2.5740825836242722,
        "count": 6
      },
      "rmse": {
        "mean": 0.9732217893990454,
        "std": 0.3784704353656076,
        "min": 0.5879269201521065,
        "max": 1.6043947717517257,
        "count": 6
      },
      "r2": {
        "mean": 0.5873255533315479,
        "std": 0.2091553263330163,
        "min": 0.2227024276006666,
        "max": 0.822139842140217,
        "count": 6
      },
      "mape": {
        "mean": 273451620.7556005,
        "std": 364891254.2817059,
        "min": 6139730.988158188,
        "max": 970828424.4592788,
        "count": 6
      }
    },
    "Linear_Regression": {
      "mae": {
        "mean": 0.5533143514315866,
        "std": 0.18092278273714305,
        "min": 0.35841210864516043,
        "max": 0.84971182854468,
        "count": 6
      },
      "mse": {
        "mean": 0.6467103990091163,
        "std": 0.37915329636809497,
        "min": 0.26032767941573504,
        "max": 1.2773387712778277,
        "count": 6
      },
      "rmse": {
        "mean": 0.7701332467974952,
        "std": 0.2315279274434615,
        "min": 0.5102231662868073,
        "max": 1.130194129907702,
        "count": 6
      },
      "r2": {
        "mean": 0.7425562990243376,
        "std": 0.09141776486161977,
        "min": 0.6142810909167287,
        "max": 0.8660470359192063,
        "count": 6
      },
      "mape": {
        "mean": 124651467.79085256,
        "std": 146453112.61425787,
        "min": 3600443.803831076,
        "max": 373926659.1757908,
        "count": 6
      }
    },
    "Polynomial_Regression": {
      "mae": {
        "mean": 1.046319767018679,
        "std": 0.6124911658897979,
        "min": 0.4921622366631501,
        "max": 2.082791588443611,
        "count": 6
      },
      "mse": {
        "mean": 2.915336556908706,