{
  "target_column": "solar_generation",
  "model_results": {
    "Random_Forest": {
      "Building_1": {
        "Building_2": {
          "mae": 8.118822667684666,
          "mse": 273.5602940322037,
          "rmse": 16.539658219933195,
          "r2": 0.9953387148565381,
          "mape": 445477924.346401
        },
        "Building_3": {
          "mae": 8.118822667684665,
          "mse": 273.56029403220356,
          "rmse": 16.53965821993319,
          "r2": 0.9953387148565381,
          "mape": 445477924.346401
        }
      },
      "Building_2": {
        "Building_1": {
          "mae": 8.118822667684666,
          "mse": 273.56029403220367,
          "rmse": 16.539658219933195,
          "r2": 0.9953387148565381,
          "mape": 445477924.346401
        },
        "Building_3": {
          "mae": 8.118822667684666,
          "mse": 273.5602940322036,
          "rmse": 16.53965821993319,
          "r2": 0.9953387148565381,
          "mape": 445477924.346401
        }
      },
      "Building_3": {
        "Building_1": {
          "mae": 8.118822667684663,
          "mse": 273.5602940322035,
          "rmse": 16.539658219933187,
          "r2": 0.9953387148565381,
          "mape": 445477924.346401
        },
        "Building_2": {
          "mae": 8.118822667684666,
          "mse": 273.56029403220367,
          "rmse": 16.539658219933195,
          "r2": 0.9953387148565381,
          "mape": 445477924.346401
        }
      }
    },
    "Linear_Regression": {
      "Building_1": {
        "Building_2": {
          "mae": 15.751434715291445,
          "mse": 502.4549294666952,
          "rmse": 22.41550645126483,
          "r2": 0.9914385027758941,
          "mape": 39254444404.03073
        },
        "Building_3": {
          "mae": 15.751434715291445,
          "mse": 502.4549294666952,
          "rmse": 22.41550645126483,
          "r2": 0.9914385027758941,
          "mape": 39254444404.03073
        }
      },
      "Building_2": {
        "Building_1": {
          "mae": 15.751434715291445,
          "mse": 502.4549294666952,
          "rmse": 22.41550645126483,
          "r2": 0.9914385027758941,
          "mape": 39254444404.03073
        },
        "Building_3": {
          "mae": 15.751434715291445,
          "mse": 502.4549294666952,
          "rmse": 22.41550645126483,
          "r2": 0.9914385027758941,
          "mape": 39254444404.03073
        }
      },
      "Building_3": {
        "Building_1": {
          "mae": 15.751434715291445,
          "mse": 502.4549294666952,
          "rmse": 22.41550645126483,
          "r2": 0.9914385027758941,
          "mape": 39254444404.03073
        },
        "Building_2": {
          "mae": 15.751434715291445,
          "mse": 502.4549294666952,
          "rmse": 22.41550645126483,
          "r2": 0.9914385027758941,
          "mape": 39254444404.03073
        }
      }
    },
    "Polynomial_Regression": {
      "Building_1": {
        "Building_2": {
          "mae": 7.713464651353724,
          "mse": 128.86868447028027,
          "rmse": 11.352034375841198,
          "r2": 0.9978041634788268,
          "mape": 18009604170.92624
        },
        "Building_3": {
          "mae": 7.713464651353724,
          "mse": 128.86868447028027,
          "rmse": 11.352034375841198,
          "r2": 0.9978041634788268,
          "mape": 18009604170.92624
        }
      },
      "Building_2": {
        "Building_1": {
          "mae": 7.713464651353724,
          "mse": 128.86868447028027,
          "rmse": 11.352034375841198,
          "r2": 0.9978041634788268,
          "mape": 18009604170.92624
        },
        "Building_3": {
          "mae": 7.713464651353724,
          "mse": 128.86868447028027,
          "rmse": 11.352034375841198,
          "r2": 0.9978041634788268,
          "mape": 18009604170.92624
        }
      },
      "Building_3": {
        "Building_1": {
          "mae": 7.713464651353724,
          "mse": 128.86868447028027,
          "rmse": 11.352034375841198,
          "r2": 0.9978041634788268,
          "mape": 18009604170.92624
        },
        "Building_2": {
          "mae": 7.713464651353724,
          "mse": 128.86868447028027,
          "rmse": 11.352034375841198,
          "r2": 0.9978041634788268,
          "mape": 18009604170.92624
        }
      }
    },
    "Gaussian_Process": {
      "Building_1": {
        "Building_2": {
          "mae": 3.702289959354164e-07,
          "mse": 9.224929862797922e-13,
          "rmse": 9.604649844110884e-07,
          "r2": 1.0,
          "mape": 318.67217055192197
        },
        "Building_3": {
          "mae": 3.702289959354164e-07,
          "mse": 9.224929862797922e-13,
          "rmse": 9.604649844110884e-07,
          "r2": 1.0,
          "mape": 318.67217055192197
        }
      },
      "Building_2": {
        "Building_1": {
          "mae": 3.702289959354164e-07,
          "mse": 9.224929862797922e-13,
          "rmse": 9.604649844110884e-07,
          "r2": 1.0,
          "mape": 318.67217055192197
        },
        "Building_3": {
          "mae": 3.702289959354164e-07,
          "mse": 9.224929862797922e-13,
          "rmse": 9.604649844110884e-07,
          "r2": 1.0,
          "mape": 318.67217055192197
        }
      },
      "Building_3": {
        "Building_1": {
          "mae": 3.702289959354164e-07,
          "mse": 9.224929862797922e-13,
          "rmse": 9.604649844110884e-07,
          "r2": 1.0,
          "mape": 318.67217055192197
        },
        "Building_2": {
          "mae": 3.702289959354164e-07,
          "mse": 9.224929862797922e-13,
          "rmse": 9.604649844110884e-07,
          "r2": 1.0,
          "mape": 318.67217055192197
        }
      }
    }
  },
  "summary_statistics": {
    "Random_Forest": {
      "mae": {
        "mean": 8.118822667684666,
        "std": 1.6215845185301648e-15,
        "min": 8.118822667684663,
        "max": 8.118822667684666,
        "count": 6
      },
      "mse": {
        "mean": 273.5602940322036,
        "std": 7.69663529793354e-14,
        "min": 273.5602940322035,
        "max": 273.5602940322037,
        "count": 6
      },
      "rmse": {
        "mean": 16.53965821993319,
        "std": 2.9007785717557725e-15,
        "min": 16.539658219933187,
        "max": 16.539658219933195,
        "count": 6
      },
      "r2": {
        "mean": 0.9953387148565381,
        "std": 0.0,
        "min": 0.9953387148565381,
        "max": 0.9953387148565381,
        "count": 6
      },
      "mape": {
        "mean": 445477924.34640104,
        "std": 5.960464477539063e-08,
        "min": 445477924.346401,
        "max": 445477924.346401,
        "count": 6
      }
    },
    "Linear_Regression": {
      "mae": {
        "mean": 15.751434715291447,
        "std": 1.7763568394002505e-15,
        "min": 15.751434715291445,
        "max": 15.751434715291445,
        "count": 6
      },
      "mse": {
        "mean": 502.4549294666952,
        "std": 0.0,
        "min": 502.4549294666952,
        "max": 502.4549294666952,
        "count": 6
      },
      "rmse": {
        "mean": 22.41550645126483,
        "std": 0.0,
        "min": 22.41550645126483,
        "max": 22.41550645126483,
        "count": 6
      },
      "r2": {
        "mean": 0.9914385027758942,
        "std": 1.1102230246251565e-16,
        "min": 0.9914385027758941,
        "max": 0.9914385027758941,
        "count": 6
      },
      "mape": {
        "mean": 39254444404.03073,
        "std": 0.0,
        "min": 39254444404.03073,
        "max": 39254444404.03073,
        "count": 6
      }
    },
    "Polynomial_Regression": {
      "mae": {
        "mean": 7.713464651353724,
        "std": 0.0,
        "min": 7.713464651353724,
        "max": 7.713464651353724,
        "count": 6
      },
      "mse": {
        "mean": 128.86868447028027,
        "std": 0.0,
        "min": 128.86868447028027,
        "max": 128.86868447028027,
        "count": 6
      },