{
  "cooling_demand": {
    "LSTM": {
      "Building_1": {
        "Building_2": {
          "mae": 0.600200357418861,
          "mse": 0.6061031770241782,
          "rmse": 0.7785262853778144,
          "r2": 0.5712023021172861,
          "mape": 528441345.6237672
        },
        "Building_3": {
          "mae": 0.5217139248073029,
          "mse": 0.42725365210088534,
          "rmse": 0.653646427436795,
          "r2": 0.7332778460058744,
          "mape": 146565551.45050228
        }
      },
      "Building_2": {
        "Building_1": {
          "mae": 1.2274526231792133,
          "mse": 2.4373257205688894,
          "rmse": 1.5611936845147976,
          "r2": 0.1577255029718475,
          "mape": 95162505.66344339
        },
        "Building_3": {
          "mae": 0.464687450711044,
          "mse": 0.43357967075925075,
          "rmse": 0.6584676687273648,
          "r2": 0.7293286946891577,
          "mape": 47120814.55644699
        }
      },
      "Building_3": {
        "Building_1": {
          "mae": 0.7951732893473352,
          "mse": 1.1539234722562732,
          "rmse": 1.0742083002175478,
          "r2": 0.6012349502565547,
          "mape": 76901617.52283841
        },
        "Building_2": {
          "mae": 0.3688400222644278,
          "mse": 0.27026047337913006,
          "rmse": 0.5198658224764637,
          "r2": 0.8087997667614262,
          "mape": 280718446.52455693
        }
      }
    },
    "Bidirectional_LSTM": {
      "Building_1": {
        "Building_2": {
          "mae": 0.5154304312586624,
          "mse": 0.49204615809477287,
          "rmse": 0.7014600188854478,
          "r2": 0.6518938229643103,
          "mape": 365219994.9962035
        },
        "Building_3": {
          "mae": 0.4130622463715436,
          "mse": 0.3354323580833067,
          "rmse": 0.5791652252020201,
          "r2": 0.7905992362443681,
          "mape": 83844781.86147375
        }
      },
      "Building_2": {
        "Building_1": {
          "mae": 1.076848270108455,
          "mse": 1.88112156858776,
          "rmse": 1.3715398530803835,
          "r2": 0.3499347626540249,
          "mape": 104020382.26675287
        },
        "Building_3": {
          "mae": 0.463001970949224,
          "mse": 0.4216552761550544,
          "rmse": 0.6493498873142695,
          "r2": 0.7367727509266364,
          "mape": 33142036.431407895
        }
      },
      "Building_3": {
        "Building_1": {
          "mae": 0.8106288647103794,
          "mse": 1.1699116291333087,
          "rmse": 1.0816245324202427,
          "r2": 0.5957098714054321,
          "mape": 127251632.01523526
        },
        "Building_2": {
          "mae": 0.44265642251191073,
          "mse": 0.332441900621317,
          "rmse": 0.5765777489821446,
          "r2": 0.764808489594028,
          "mape": 377166250.07279414
        }
      }
    },
    "ConvLSTM": {
      "Building_1": {
        "Building_2": {
          "mae": 1.2119646188881703,
          "mse": 2.0104693645025877,
          "rmse": 1.417910210310437,
          "r2": -0.42233973990214335,
          "mape": 1377769898.1328454
        },
        "Building_3": {
          "mae": 0.9139284670014266,
          "mse": 1.1853660856554622,
          "rmse": 1.0887451885797073,
          "r2": 0.2600100804686488,
          "mape": 233412463.07993928
        }
      },
      "Building_2": {
        "Building_1": {
          "mae": 1.4161149397364758,
          "mse": 3.048926226160295,
          "rmse": 1.7461174720391224,
          "r2": -0.053627252994199015,
          "mape": 104991389.92225812
        },
        "Building_3": {
          "mae": 0.6159022624821459,
          "mse": 0.6960200958654407,
          "rmse": 0.8342781885351197,
          "r2": 0.5654946931885023,
          "mape": 56578357.246526085
        }
      },
      "Building_3": {
        "Building_1": {
          "mae": 1.186239519848278,
          "mse": 2.246008355187107,
          "rmse": 1.4986688610854324,
          "r2": 0.22383966093596253,
          "mape": 152757787.34241888
        },
        "Building_2": {
          "mae": 0.5776013035592578,
          "mse": 0.513977015857039,
          "rmse": 0.7169219035969253,
          "r2": 0.6363784756149962,
          "mape": 425715921.0306284
        }
      }
    },
    "Random_Forest": {
      "Building_1": {
        "Building_2": {
          "mae": 0.6627313491547693,
          "mse": 0.6537297356626675,
          "rmse": 0.8085355500302182,
          "r2": 0.5375081070092383,
          "mape": 761407639.3332292
        },
        "Building_3": {
          "mae": 0.42209364954994844,
          "mse": 0.319858931127841,
          "rmse": 0.5655607227591402,
          "r2": 0.8003212783198592,
          "mape": 70312106.69064818
        }
      },
      "Building_2": {
        "Building_1": {
          "mae": 0.8775220322773678,
          "mse": 1.5413345279596022,
          "rmse": 1.2415049447986917,
          "r2": 0.4673560643399425,
          "mape": 100460188.32532144
        },
        "Building_3": {
          "mae": 0.39422588198851516,
          "mse": 0.2860443223050528,
          "rmse": 0.5348311156851785,
          "r2": 0.8214307650552778,
          "mape": 61867307.69424892
        }
      },
      "Building_3": {
        "Building_1": {
          "mae": 0.7429240383083262,
          "mse": 1.0697334974568775,
          "rmse": 1.0342792163902732,
          "r2": 0.630328750925274,
          "mape": 249947380.4099005
        },
        "Building_2": {
          "mae": 0.789903253782301,
          "mse": 0.938214220443899,
          "rmse": 0.9686145881845364,
          "r2": 0.3362448621002352,
          "mape": 1325827501.5072894
        }
      }
    },
    "Linear_Regression": {
      "Building_1": {
        "Building_2": {
          "mae": 0.5866081069370622,
          "mse": 0.5823811332994911,
          "rmse": 0.7631389999859076,
          "r2": 0.5879848535438613,
          "mape": 557833602.8388059
        },
        "Building_3": {
          "mae": 0.491447114206724,
          "mse": 0.3972061822452104,
          "rmse": 0.6302429549350079,
          "r2": 0.752035616343404,
          "mape": 81944943.58252414
        }
      },
      "Building_2": {
        "Building_1": {
          "mae": 0.833971135335723,
          "mse": 1.1563155608459539,
          "rmse": 1.0753211431223484,
          "r2": 0.6004083085005034,
          "mape": 141858925.00813222
        },
        "Building_3": {
          "mae": 0.42590167719621463,
          "mse": 0.3442982696298503,
          "rmse": 0.5867693495998665,
          "r2": 0.7850645029233358,
          "mape": 71320401.39503115
        }
      },
      "Building_3": {
        "Building_1": {
          "mae": 0.6415646167328263,
          "mse": 0.7520532194507895,
          "rmse": 0.8672100203819081,
          "r2": 0.7401105474718954,
          "mape": 138823950.80606773
        },
        "Building_2": {
          "mae": 0.4405014553106716,
          "mse": 0.36737793296654003,
          "rmse": 0.6061170950951145,
          "r2": 0.7400924168020353,
          "mape": 334444733.0138266
        }
      }
    },
    "Polynomial_Regression": {
      "Building_1": {
        "Building_2": {
          "mae": 1.7730415980628338,
          "mse": 4.857663939345165,
          "rmse": 2.2040108755051926,
          "r2": -2.4366345421680413,
          "mape": 1407936831.998216
        },
        "Building_3": {
          "mae": 1.250645812994599,
          "mse": 2.476978900234247,
          "rmse": 1.5738420823685733,
          "r2": -0.5463066129917575,
          "mape": 310120857.59959555
        }
      },
      "Building_2": {
        "Building_1": {
          "mae": 3.5705138278765713,
          "mse": 19.058145625858124,
          "rmse": 4.365563609187034,
          "r2": -5.5859847478909135,
          "mape": 642996695.1201385
        },
        "Building_3": {
          "mae": 1.6440817172712991,