{
  "cooling_demand": {
    "LSTM": {
      "Building_1": {
        "Building_2": {
          "mae": 0.514235986225466,
          "mse": 0.5241300529257452,
          "rmse": 0.7239682678997369,
          "r2": 0.6291955419386637,
          "mape": 288359472.85669935
        },
        "Building_3": {
          "mae": 0.43940364975335605,
          "mse": 0.36672271925503847,
          "rmse": 0.6055763529523246,
          "r2": 0.7710655646421701,
          "mape": 67379966.02206455
        }
      },
      "Building_2": {
        "Building_1": {
          "mae": 1.2230327094451974,
          "mse": 2.3653425339586613,
          "rmse": 1.537967013286911,
          "r2": 0.18260096454226993,
          "mape": 93318605.25797465
        },
        "Building_3": {
          "mae": 0.47859860878634786,
          "mse": 0.4617195205649298,
          "rmse": 0.679499463255807,
          "r2": 0.7117617966267634,
          "mape": 48950102.25948049
        }
      },
      "Building_3": {
        "Building_1": {
          "mae": 0.7783333290647159,
          "mse": 1.139599379566736,
          "rmse": 1.0675202010110798,
          "r2": 0.6061849730884019,
          "mape": 108783881.83664198
        },
        "Building_2": {
          "mae": 0.37013220080284703,
          "mse": 0.28373297435104106,
          "rmse": 0.532665912510873,
          "r2": 0.799268423550454,
          "mape": 315652008.8773797
        }
      }
    },
    "Bidirectional_LSTM": {
      "Building_1": {
        "Building_2": {
          "mae": 0.6756509927931131,
          "mse": 0.8091410051459998,
          "rmse": 0.8995226540482456,
          "r2": 0.4275598389492201,
          "mape": 292754788.94376236
        },
        "Building_3": {
          "mae": 0.5780202091321646,
          "mse": 0.5672079962030082,
          "rmse": 0.7531321240014983,
          "r2": 0.6459083783929002,
          "mape": 57057816.56442431
        }
      },
      "Building_2": {
        "Building_1": {
          "mae": 1.1065939430524483,
          "mse": 1.9665734144427578,
          "rmse": 1.4023456829336902,
          "r2": 0.3204048931416127,
          "mape": 81231706.91223416
        },
        "Building_3": {
          "mae": 0.4078901163438962,
          "mse": 0.3134602916411251,
          "rmse": 0.5598752464979364,
          "r2": 0.8043157647288969,
          "mape": 44577131.26085703
        }
      },
      "Building_3": {
        "Building_1": {
          "mae": 0.8614438493028626,
          "mse": 1.2873194258313625,
          "rmse": 1.1346009985150562,
          "r2": 0.5551368810674993,
          "mape": 90522568.49744897
        },
        "Building_2": {
          "mae": 0.44453328032348677,
          "mse": 0.3455782536320545,
          "rmse": 0.587859042315464,
          "r2": 0.7555149598071775,
          "mape": 306664792.8774865
        }
      }
    },
    "ConvLSTM": {
      "Building_1": {
        "Building_2": {
          "mae": 0.9818312739815628,
          "mse": 1.4083829637251946,
          "rmse": 1.186753118270685,
          "r2": 0.0036162233175252023,
          "mape": 1021917963.3203769
        },
        "Building_3": {
          "mae": 0.8898629647272044,
          "mse": 1.1218730323637198,
          "rmse": 1.0591850793717403,
          "r2": 0.29964696561723625,
          "mape": 217652394.61485654
        }
      },
      "Building_2": {
        "Building_1": {
          "mae": 1.3400277838796641,
          "mse": 2.7800019454705294,
          "rmse": 1.6673337834610469,
          "r2": 0.03930577657386436,
          "mape": 111602576.2860722
        },
        "Building_3": {
          "mae": 0.5765389192093584,
          "mse": 0.5999658977770843,
          "rmse": 0.7745746560384508,
          "r2": 0.6254585635693113,
          "mape": 56262374.396345474
        }
      },
      "Building_3": {
        "Building_1": {
          "mae": 1.1428923075622497,
          "mse": 2.1233386156188616,
          "rmse": 1.457168012145086,
          "r2": 0.26623103781410185,
          "mape": 129136636.61200958
        },
        "Building_2": {
          "mae": 0.5674816014866914,
          "mse": 0.5015459325502885,
          "rmse": 0.7081990769199635,
          "r2": 0.6451730507074648,
          "mape": 414915925.506568
        }
      }
    },
    "Random_Forest": {
      "Building_1": {
        "Building_2": {
          "mae": 0.6627313491547693,
          "mse": 0.6537297356626675,
          "rmse": 0.8085355500302182,
          "r2": 0.5375081070092383,
          "mape": 761407639.3332292
        },
        "Building_3": {
          "mae": 0.42209364954994844,
          "mse": 0.319858931127841,
          "rmse": 0.5655607227591402,
          "r2": 0.8003212783198592,
          "mape": 70312106.69064817
        }
      },
      "Building_2": {
        "Building_1": {
          "mae": 0.8775220322773678,
          "mse": 1.5413345279596022,
          "rmse": 1.2415049447986917,
          "r2": 0.4673560643399425,
          "mape": 100460188.32532144
        },
        "Building_3": {
          "mae": 0.39422588198851516,
          "mse": 0.2860443223050528,
          "rmse": 0.5348311156851785,
          "r2": 0.8214307650552779,
          "mape": 61867307.69424894
        }
      },
      "Building_3": {
        "Building_1": {
          "mae": 0.7429240383083262,
          "mse": 1.0697334974568775,
          "rmse": 1.0342792163902732,
          "r2": 0.630328750925274,
          "mape": 249947380.4099005
        },
        "Building_2": {
          "mae": 0.789903253782301,
          "mse": 0.938214220443899,
          "rmse": 0.9686145881845364,
          "r2": 0.3362448621002352,
          "mape": 1325827501.5072894
        }
      }
    },
    "Linear_Regression": {
      "Building_1": {
        "Building_2": {
          "mae": 0.5866081069370622,
          "mse": 0.5823811332994911,
          "rmse": 0.7631389999859076,
          "r2": 0.5879848535438613,
          "mape": 557833602.8388059
        },
        "Building_3": {
          "mae": 0.491447114206724,
          "mse": 0.3972061822452104,
          "rmse": 0.6302429549350079,
          "r2": 0.752035616343404,
          "mape": 81944943.58252414
        }
      },
      "Building_2": {
        "Building_1": {
          "mae": 0.833971135335723,
          "mse": 1.1563155608459539,
          "rmse": 1.0753211431223484,
          "r2": 0.6004083085005034,
          "mape": 141858925.00813222
        },
        "Building_3": {
          "mae": 0.42590167719621463,
          "mse": 0.3442982696298503,
          "rmse": 0.5867693495998665,
          "r2": 0.7850645029233358,
          "mape": 71320401.39503115
        }
      },
      "Building_3": {
        "Building_1": {
          "mae": 0.6415646167328263,
          "mse": 0.7520532194507895,
          "rmse": 0.8672100203819081,
          "r2": 0.7401105474718954,
          "mape": 138823950.80606773
        },
        "Building_2": {
          "mae": 0.4405014553106716,
          "mse": 0.36737793296654003,
          "rmse": 0.6061170950951145,
          "r2": 0.7400924168020353,
          "mape": 334444733.0138266
        }
      }
    },
    "Polynomial_Regression": {
      "Building_1": {
        "Building_2": {
          "mae": 1.7730415980628338,
          "mse": 4.857663939345165,
          "rmse": 2.2040108755051926,
          "r2": -2.4366345421680413,
          "mape": 1407936831.998216
        },
        "Building_3": {
          "mae": 1.250645812994599,
          "mse": 2.476978900234247,
          "rmse": 1.5738420823685733,
          "r2": -0.5463066129917575,
          "mape": 310120857.59959555
        }
      },
      "Building_2": {
        "Building_1": {
          "mae": 3.5705138278765713,
          "mse": 19.058145625858124,
          "rmse": 4.365563609187034,
          "r2": -5.5859847478909135,
          "mape": 642996695.1201385
        },
        "Building_3": {
          "mae": 1.6440817172712991,