{
  "Building_1": {
    "LinearRegression": {
      "Building_2": {
        "rmse": 0.6350206101051187,
        "mae": 0.45913393714262096,
        "nrmse": 0.1194814953828239
      },
      "Building_3": {
        "rmse": 0.5455413465103699,
        "mae": 0.4208345050490244,
        "nrmse": 0.09964703084771952
      }
    },
    "PolynomialRegression": {
      "Building_2": {
        "rmse": 1.4349285276206827,
        "mae": 1.1399551351392263,
        "nrmse": 0.2699871524157495
      },
      "Building_3": {
        "rmse": 0.8770993056551951,
        "mae": 0.715877163724806,
        "nrmse": 0.16020846472261888
      }
    },
    "RandomForest": {
      "Building_2": {
        "rmse": 0.8581076727772589,
        "mae": 0.6517752553342856,
        "nrmse": 0.1614561579756124
      },
      "Building_3": {
        "rmse": 0.6308884886574938,
        "mae": 0.49209159562857163,
        "nrmse": 0.11523629710718808
      }
    },
    "GaussianProcess": {
      "Building_2": {
        "rmse": 2.8318978904153385,
        "mae": 2.4141535053741854,
        "nrmse": 0.5328321464436854
      },
      "Building_3": {
        "rmse": 3.2684287780272383,
        "mae": 2.854874393440143,
        "nrmse": 0.5970019052652383
      }
    }
  },
  "Building_2": {
    "LinearRegression": {
      "Building_1": {
        "rmse": 1.3426039379828278,
        "mae": 1.047128231875804,
        "nrmse": 0.16632612254631784
      },
      "Building_3": {
        "rmse": 0.5329177476883195,
        "mae": 0.393510939919525,
        "nrmse": 0.09734124018808124
      }
    },
    "PolynomialRegression": {
      "Building_1": {
        "rmse": 5.396500473561021,
        "mae": 4.052894187238237,
        "nrmse": 0.6685359499506048
      },
      "Building_3": {
        "rmse": 0.8553619078537843,
        "mae": 0.6991203364516668,
        "nrmse": 0.15623797346082566
      }
    },
    "RandomForest": {
      "Building_1": {
        "rmse": 2.3609382461938697,
        "mae": 1.9061042273588575,
        "nrmse": 0.29248067352663526
      },
      "Building_3": {
        "rmse": 1.1666287769124277,
        "mae": 0.9570538105480001,
        "nrmse": 0.21309309452793276
      }
    },
    "GaussianProcess": {
      "Building_1": {
        "rmse": 4.938651116530016,
        "mae": 4.53113096,
        "nrmse": 0.6118160893045043
      },
      "Building_3": {
        "rmse": 3.3150437318425574,
        "mae": 2.8931500614482113,
        "nrmse": 0.6055164601573886
      }
    }
  },
  "Building_3": {
    "LinearRegression": {
      "Building_1": {
        "rmse": 1.229446949240475,
        "mae": 0.8991124887500686,
        "nrmse": 0.15230786843274052
      },
      "Building_2": {
        "rmse": 0.5630605307925252,
        "mae": 0.3945527826774117,
        "nrmse": 0.10594193816638643
      }
    },
    "PolynomialRegression": {
      "Building_1": {
        "rmse": 6.197436732671837,
        "mae": 4.659891272288835,
        "nrmse": 0.767758526777546
      },
      "Building_2": {
        "rmse": 1.4720629069284916,
        "mae": 1.1264311881328344,
        "nrmse": 0.2769741243332051
      }
    },
    "RandomForest": {
      "Building_1": {
        "rmse": 1.6458494282225664,
        "mae": 1.2643434813228571,
        "nrmse": 0.20389315564098623
      },
      "Building_2": {
        "rmse": 0.5176721188598539,
        "mae": 0.3610919201951429,
        "nrmse": 0.09740193923647854
      }
    },
    "GaussianProcess": {
      "Building_1": {
        "rmse": 4.938651116530016,
        "mae": 4.53113096,
        "nrmse": 0.6118160893045043
      },
      "Building_2": {
        "rmse": 2.556975669085752,
        "mae": 2.1368485097427445,
        "nrmse": 0.48110450548886796
      }
    }
  }
}